{
  "IcoMoonType": "selection",
  "icons": [
    {
      "icon": {
        "paths": [
          "M788.038 960.032c-6.733 0.026-13.306-2.074-18.778-6.003l-257.22-186.477-257.22 186.477c-5.496 3.987-12.116 6.125-18.904 6.099s-13.394-2.208-18.86-6.234c-5.466-4.026-9.51-9.69-11.548-16.16-2.038-6.477-1.964-13.434 0.212-19.866l100.32-297.138-260-178.3c-5.632-3.858-9.882-9.416-12.131-15.861s-2.376-13.441-0.366-19.965c2.011-6.524 6.055-12.233 11.542-16.294s12.128-6.262 18.955-6.28h320.76l96.799-297.9c2.086-6.431 6.154-12.037 11.623-16.013s12.056-6.117 18.817-6.117c6.761 0 13.348 2.141 18.817 6.117s9.537 9.582 11.623 16.013l96.799 298h320.758c6.835-0.003 13.491 2.182 18.995 6.236s9.568 9.763 11.59 16.291c2.022 6.529 1.901 13.533-0.346 19.988s-6.496 12.022-12.134 15.885l-260.102 178.2 100.262 297.061c1.619 4.806 2.080 9.933 1.331 14.957-0.749 5.018-2.682 9.792-5.638 13.92-2.957 4.122-6.854 7.488-11.366 9.811s-9.51 3.539-14.592 3.552z"
        ],
        "attrs": [],
        "grid": 0,
        "tags": [
          "star"
        ]
      },
      "attrs": [],
      "properties": {
        "order": 4,
        "id": 0,
        "name": "star",
        "prevSize": 32
      },
      "setIdx": 1,
      "setId": 8,
      "iconIdx": 0
    }
  ],
  "height": 1024,
  "preferences": {
    "showGlyphs": true,
    "showQuickUse": true,
    "showQuickUse2": true,
    "showSVGs": true,
    "fontPref": {
      "prefix": "icon-",
      "metadata": {
        "fontFamily": "icomoon"
      },
      "metrics": {
        "emSize": 1024,
        "baseline": 6.25,
        "whitespace": 50
      },
      "embed": false
    },
    "imagePref": {
      "prefix": "icon-",
      "png": true,
      "useClassSelector": true,
      "color": 0,
      "bgColor": 16777215,
      "classSelector": ".icon",
      "name": "icomoon",
      "autoHost": true,
      "height": 32,
      "columns": 16,
      "margin": 16
    },
    "historySize": 50,
    "showCodes": true,
    "gridSize": 16,
    "quickUsageToken": {
      "UntitledProject": "MDJmNTMwMWM5YzFlYWEwMTc0MzY5OThlZThhZjU0YTEjMSMxNjg1Nzk1NjEzIyMjMzUwYzIxYTQ0YWE2"
    }
  }
}